Workbook

Sheet штора расчет
C1: ткань высотой 320 | D1: цена за метр | E1: пошив за метр | F1: цена подклад сатин
B2: штора с подкладкой сатин | C2: цена 1 | D2: 24000 | E2: 4900 | F2: 6000
B4: ширина карниза в мт, высота до 305 см | C4: 3 | D4: 4
B5: метраж ткани при самой распространенной средней сборке | C5: =C4*2 -> 6 | D5: =D4*2 -> 8
B6: штора | C6: =C5*(D2+E2) -> 173400 | D6: =D5*(D2+E2) -> 231200
B7: подклад | C7: =C5*(E2+F2) -> 65400 | D7: =D5*(F2+E2) -> 87200
B8: итого сумма | C8: =SUM(C6:C7) -> 238800 | D8: =SUM(D6:D7) -> 318400

Sheet штора римская расчет
C1: ткань высотой 320 | D1: цена за метр | E1: пошив за квадрат | F1: римский механизм цена за погметр
B2: штора с подкладкой сатин | C2: цена 1 | D2: 24000 | E2: 9000 | F2: 20000
B4: ширина 190 см и высота изделия 250 см | C4: 1.9 | D4: 2.5
B5: метраж ткани | C5: =C4+0.4 -> 2.3
B6: сумма за ткань | C6: =C5*D2 -> 55200
B7: сумма римского механизма | C7: =C4*F2 -> 38000
B8: сумма пошив за квадрат | C8: =(C4*D4)*E2 -> 42750
B9: итого сумма | C9: =SUM(C6:C8) -> 135950

Sheet штора покрывало расчет
C1: ткань высотой 320 | D1: цена за метр | E1: пошив за 1 изделие + сырье: синтипон и хлопок подкладка
B2: штора с подкладкой сатин | C2: цена 1 | D2: 24000 | E2: 100000
B4: кровать 180*200 см, спуск 45 см - расход ткани | C4: 3
B5: итого сумма | C5: =SUM(C4*D2)+E2 -> 172000

Sheet расчет ролл шторы (2)
C1: ткань высотой 320 | D1: цена за метр
B2: ролл шторы 50 % затенение | C2: цена 1 | D2: 14000
B3: ролл шторы блекаут | C3: цена 2 | D3: 24000
A6: ролл шторы 50 % затенение | B6: ширина 190 см и высота изделия 250 см | C6: 1.9 | D6: 2.5
B7: метраж сырья в квадратах | C7: =(C6*D6)+0.2 -> 4.95
B8: сумма за изделие | C8: =C7*D2 -> 69300
A10: ролл шторы блекаут | B10: ширина 190 см и высота изделия 250 см | C10: 1.9 | D10: 2.5
B11: метраж сырья в квадратах | C11: =(C10*D10)+0.2 -> 4.95
B12: сумма за изделие | C12: =C11*D3 -> 118800

Sheet расчет жалюзи
C1: ткань высотой 320 | D1: цена за метр
B2: жалюзи горизонтальные - алюминий | C2: цена 1 | D2: 17000
B3: жалюзи горизонтальные - древесно полимерный композит | C3: цена 2 | D3: 53400
B4: жалюзи горизонтальные - дерево | C4: цена 3 | D4: 102000
A6: =B2 -> жалюзи горизонтальные - алюминий | B6: ширина 190 см и высота изделия 250 см | C6: 1.9 | D6: 2.5
B7: метраж сырья в квадратах | C7: =(C6*D6)+0.2 -> 4.95
B8: сумма за изделие | C8: =C7*D2 -> 84150
A10: =B3 -> жалюзи горизонтальные - древесно полимерный композит | B10: ширина 190 см и высота изделия 250 см | C10: 1.9 | D10: 2.5
B11: метраж сырья в квадратах | C11: =(C10*D10)+0.2 -> 4.95
B12: сумма за изделие | C12: =C11*D3 -> 264330
A14: =B4 -> жалюзи горизонтальные - дерево | B14: ширина 190 см и высота изделия 250 см | C14: 1.9 | D14: 2.5
B15: метраж сырья в квадратах | C15: =(C14*D14)+0.2 -> 4.95
B16: сумма за изделие | C16: =D4*C15 -> 504900

Sheet кабинет
B1: ширина карниза в мт, высота до 305 см | C1: ткань высотой 320 | D1: цена за метр
B2: кабинет 1. шторы | C2: цена 1 | D2: 17000
B3: кабинет 2. шторы + горизонтальные жалюзи
B4: кабинет 3. шторы + римские шторы
A6: кабинет 1
B7: шторы | C7: ='штора расчет'!C8 -> 238800
B8: сумма за изделие | C8: =C7 -> 238800
A10: кабинет 2 | B10: шторы | C10: ='штора расчет'!C8 -> 238800
B11: жалюзи | C11: ='расчет жалюзи'!C8 -> 84150
B12: сумма за изделие | C12: =SUM(C10:C11) -> 322950
A14: кабинет 3 | B14: шторы | C14: ='штора расчет'!C8 -> 238800
B15: римские шторы | C15: ='штора римская расчет'!C9 -> 135950
B16: сумма за изделие | C16: =SUM(C14:C15) -> 374750
